Argentina,Buenos Aires
Austria,Graz
Austria,Salzburg
Belgium,Bruxelles
Belgium,Charleroi
Brazil,Campinas
Brazil,Resende
Brazil,Rio de Janeiro
Brazil,Sao Paulo
Canada,Montréal
Canada,Tsawassen
Canada,Vancouver
Denmark,Århus
Denmark,Kobenhavn
Finland,Helsinki
Finland,Oulu
France,Lille
France,Lyon
France,Marseille
France,Nantes
France,Paris
France,Reims
France,Strasbourg
France,Toulouse
France,Versailles
Germany,Aachen
Germany,Berlin
Germany,Brandenburg
Germany,Cunewalde
Germany,Frankfurt a.M.
Germany,Köln
Germany,Leipzig
Germany,Mannheim
Germany,München
Germany,Münster
Germany,Stuttgart
Ireland,Cork
Italy,Bergamo
Italy,Reggio Emilia
Italy,Torino
Mexico,México D.F.
Norway,Stavern
Poland,Warszawa
Portugal,Lisboa
Spain,Barcelona
Spain,Madrid
Spain,Sevilla
Sweden,Bräcke
Sweden,Luleå
Switzerland,Bern
Switzerland,Genève
UK,Colchester
UK,Cowes
UK,London
USA,Albuquerque
USA,Anchorage
USA,Boise
USA,Butte
USA,Elgin
USA,Eugene
USA,Kirkland
USA,Lander
USA,Portland
USA,San Francisco
USA,Seattle
USA,Walla Walla
Venezuela,Barquisimeto
Venezuela,Caracas
Venezuela,I. de Margarita
Venezuela,San Cristóbal
